msgID,msgFrom,msgDate,msgSeen,msgDeleted,msgNotes
1804bda17e2987a5,sVRvBFAKSc.sVRvBFAKSc@luxkk.us,21 Apr 2022 07:20:24 -0400 (EDT),,1,
1804bb3993f6fa07,linnacarmelo@cyber-wizard.com,15 Feb 2022 18:39:48 +0100,,1,
1804ba5e5e73a8ce,HTVssWCQn.HTVssWCQn@udsqr.us,21 Apr 2022 06:23:16 -0400 (EDT),,1,
1804ba1d4b838650,rnropmXs.rnropmXs@tmwb.us,21 Apr 2022 06:18:54 -0400 (EDT),,1,
1804b8f9bb34fecb,JnnDtIGAm.JnnDtIGAm@heaml.us,21 Apr 2022 05:58:42 -0400 (EDT),,1,
1804b58811e21608,XDlAvXaQ.XDlAvXaQ@oehgw.us,21 Apr 2022 04:58:51 -0400 (EDT),,1,
1804addce18e77f5,deals-bst@yandex.com,19 Apr 2022 16:15:37 +0000,,1,
1804a19f684f4363,nooreply@y5p0cl.y5p0cl.us,20 Apr 2022 23:10:56 -0400 (EDT),,1,
18049ec6bf063f50,verification@slicensus.jp.net,20 Apr 2022 22:20:57 -0400,,1,
180492c298278d9c,cIZFIBOf.cIZFIBOf@vfccf.us,20 Apr 2022 18:51:09 -0400 (EDT),,1,
180491bf90361c7c,kjmIxFGJD.kjmIxFGJD@eqql.us,20 Apr 2022 18:33:31 -0400 (EDT),,1,
18048479e62ac3e1,nooreply@1v9p9w.1v9p9w.us,20 Apr 2022 14:41:31 -0400 (EDT),,1,
18047e9dadc97487,hello@meptik.com,20 Apr 2022 16:58:59 +0000,,1,
18047977d798f403,bRvoLXHI.bRvoLXHI@lntq.us,20 Apr 2022 11:29:09 -0400 (EDT),,1,
1804795122be8760,admin.uggi457zkh@3ht86pwaxg.us,20 Apr 2022 11:26:33 -0400 (EDT),,1,
180478a2b378702c,1r4po86hqD50fuQbXX3Fa4F6oVkLVA3u@xb8wtmjv1btyolh3dcevbcsxtt4luuq8.systemeagle.com,20 Apr 2022 11:14:33 -0400 (EDT),,1,
180478056ea28494,GkJkQoXQf.GkJkQoXQf@prdbc.us,20 Apr 2022 11:03:51 -0400 (EDT),,1,
180476d9f659ab63,EordhJDXtZ.EordhJDXtZ@nmpo.us,20 Apr 2022 10:43:23 -0400 (EDT),,1,
180475f06440324d,info@wletwo.com,18 Apr 2022 10:16:09 +0000,,1,
1804747bf5e9b555,idAsyraoo.idAsyraoo@aubcg.us,20 Apr 2022 10:01:43 -0400 (EDT),,1,
1804727fc7f591c7,oeBHBSBN.oeBHBSBN@cplm.us,20 Apr 2022 09:27:23 -0400 (EDT),,1,
18047011db1be14f,jasminjasmin23@protonmail.com,19 Apr 2022 16:45:25 +0000,,1,
18046e6d6b08d11c,rp.2brzcfp1pk@agml.clutarter.jp.net,20 Apr 2022 08:16:14 -0400 (EDT),,1,
18046bf327a7bdaa,admin.42x53zcmdq@q8zepmsqdx.us,20 Apr 2022 05:50:11 -0400,,1,
18046b0a7a3542ec,notifications@pspdpf.odoo.com,20 Apr 2022 10:55:31 -0000,,1,
18046a7633047740,notifications@pspdpf.odoo.com,20 Apr 2022 10:48:42 -0000,,1,
18046a5e87f15f17,oAspseoh.oAspseoh@jynhe.us,20 Apr 2022 07:05:19 -0400 (EDT),,1,
180467c306402c70,notifications@mantavo.odoo.com,20 Apr 2022 10:02:29 -0000,,1,
180465beb393395f,qqGrKMVn.qqGrKMVn@syai.us,20 Apr 2022 05:44:30 -0400 (EDT),,1,
1804655707b8b320,bigdollarcasino@qqobeach.com,18 Apr 2022 14:00:40 +0000 (UTC),,1,
18045e831bbd3fd7,marketing@azco.ae,20 Apr 2022 07:38:05 +0000 (UTC),,1,
18045e7ed1ec2aba,marketing@azco.ae,20 Apr 2022 07:37:47 +0000 (UTC),,1,
18045d189d4b9229,admin.qfr9aqrobf@twecu2jzkn.us,20 Apr 2022 03:13:18 -0400,,1,
180456186222ebfb,guzalhgfd@protonmail.com,19 Apr 2022 18:15:32 +0000,,1,
180443ad2ca63499,noreply@jotform.com,19 Apr 2022 14:35:24 -0400,,1,
180442178fffd078,noreply@jotform.com,19 Apr 2022 12:54:42 -0400,,1,
180440eabac1730d,noreply@jotform.com,19 Apr 2022 16:48:35 -0400,,1,
180438ea1446ada5,noreply@jotform.com,19 Apr 2022 13:56:53 -0400,,1,
180433fc62f094f4,noreply@jotform.com,19 Apr 2022 14:02:08 -0400,,1,
18042cc6d7264197,noreply@jotform.com,19 Apr 2022 12:48:27 -0400,,1,
180418a78e1adae2,seMlwYwfW.seMlwYwfW@tsdmx.us,19 Apr 2022 07:17:10 -0400 (EDT),,1,
180415874ddaefe6,657635@co.com,19 Apr 2022 06:22:17 -0400,,1,
180412bf05797f56,jasminjasmin23@protonmail.com,18 Apr 2022 16:49:53 +0000,,1,
18040ad8a7199f6b,admin.nhsk7aropf@vd0rblbtua.us,19 Apr 2022 03:15:53 -0400,,1,
180409b0753a4e46,zinchisinsi@proton.me,18 Apr 2022 23:08:51 +0000,,1,
1804092d7020815e,8FUclDzY3BEVdPJYtD@life.mhvschool.com,19 Apr 2022 02:41:56 -0400,,1,
1803d0e595702b40,contact@contrivanceunique.co.uk,04 Apr 2022 21:32:49 +0000 (UTC),,1,
1803ce812f5f88e5,rania12.charif@gmail.com,18 Apr 2022 11:48:56 +0000 (UTC),,1,
1803cda880fd537a,rawdaa411@gmail.com,18 Apr 2022 11:14:56 +0000 (UTC),,1,
1803cca5c6f4338f,contact@dse.systemeagle.com,18 Apr 2022 10:54:45 +0000,,1,
1803cbaf167fe6e3,rania12.charif@gmail.com,18 Apr 2022 12:30:09 +0000 (UTC),,1,
1803cae628f53bb0,rania12.charif@gmail.com,18 Apr 2022 11:42:06 +0000 (UTC),,1,
1803cabd0f70a00d,benzo92023@gmail.com,18 Apr 2022 10:23:58 +0000 (UTC),,1,
1803ca2c42ad537a,rawdaa411@gmail.com,18 Apr 2022 11:14:56 +0000 (UTC),,1,
1803c99036ad537a,rawdaa411@gmail.com,18 Apr 2022 11:14:56 +0000 (UTC),,1,
1803c8bf36df85af,rawdaa411@gmail.com,18 Apr 2022 09:56:03 +0000 (UTC),,1,
1803c68d9c4f85af,rawdaa411@gmail.com,18 Apr 2022 09:56:03 +0000 (UTC),,1,
1803c66c8cdf85af,rawdaa411@gmail.com,18 Apr 2022 09:56:03 +0000 (UTC),,1,
1803c589ea8f85af,rawdaa411@gmail.com,18 Apr 2022 09:56:03 +0000 (UTC),,1,
1803be4296262194,tyhjdtryxdtry@virgilio.it,17 Apr 2022 19:24:44 +0200 (CEST),,1,
1803b623cec9a9c0,tyhjdtryxdtry@virgilio.it,18 Apr 2022 06:35:35 +0000,,1,
1803b23f921c4bd9,sarah20124@protonmail.com,15 Apr 2022 20:57:04 +0000,,1,
18039a2363da4d93,EfXZGpVuyjDh@leasurembrane.com,17 Apr 2022 18:25:56 -0400 (PDT),,1,
180383dabe3426d7,contact@clients.mydns.jp,17 Apr 2022 12:50:41 +0000,,1,
180378fba58ed09b,contact@worduniversal.com,16 Apr 2022 16:25:05 +0000 (UTC),,1,
180366e05e3b62b9,alexis.sexx@outlook.com,12 Apr 2022 11:10:37 +0000,,1,
18033ca17e3c9a49,nguyendinhtrung0009@gmail.com,16 Apr 2022 12:12:02 -0700,,1,
1803321c085753c5,IKxttgQTe.IKxttgQTe@mxkxn.us,16 Apr 2022 12:08:04 -0400 (EDT),,1,
180330d3237c472a,lawsuithelp@qqobeach.com,12 Apr 2022 10:03:10 -0700 (PDT),,1,
18031ef0b658b7ca,FGaeQzfpQ.FGaeQzfpQ@yddox.us,16 Apr 2022 06:33:10 -0400 (EDT),,1,
1803136a52d8a597,noreply@thegoldtower.com,16 Apr 2022 03:02:43 -0400,,1,
1802ff7509085a7f,nooreply@zicr7q.zicr7q.us,15 Apr 2022 21:22:53 -0400 (EDT),,1,
1802d0bd34b61bfa,saobang.nguyen668@gmail.com,15 Apr 2022 04:46:30 -0700,,1,
1802cd63b7c9465f,AqADrOEqOxnU@leasurembrane.com,15 Apr 2022 06:47:56 -0400 (PDT),,1,
1802ca8e5035fd3f,hominhduc1941@gmail.com,14 Apr 2022 16:45:48 +0000,,1,
1802ba908be9b417,postmaster@ascendbywix.com,14 Apr 2022 12:17:59 +0000,,1,
1802b12cbc9f90d3,contact@passimfrolic.com,14 Apr 2022 21:31:27 +0000,,1,
1802a42076839882,ardenfarrington@gmail.com,14 Apr 2022 15:54:19 +0000,,1,
18029fcf762487c0,nooreply@rff.flchqv.musky.rightforts.com,14 Apr 2022 15:54:19 +0000,,1,
18029ec205e62eb2,nooreply@rff.flchqv.musky.rightforts.com,14 Apr 2022 08:18:18 -0700 (PDT),,1,
18029b1cd91bcc62,dinhvantung1412@gmail.com,14 Apr 2022 14:13:04 +0000,,1,
180299ef65362eb2,dinhvantung1412@gmail.com,14 Apr 2022 08:18:18 -0700 (PDT),,1,
180298eed5337b4f,reply@galaxystep.com,14 Apr 2022 09:58:17 +0000,,1,
1802962023878cb4,reply@galaxystep.com,14 Apr 2022 09:35:40 -0700 (PDT),,1,
1802953cb0162eb2,reply@galaxystep.com,14 Apr 2022 08:18:18 -0700 (PDT),,1,
180290b2cd162eb2,reply@galaxystep.com,14 Apr 2022 08:18:18 -0700 (PDT),,1,
18028fb7b1260c32,admin.0b2c9brntl@p6ouev6uqu.us,14 Apr 2022 12:49:53 -0400,,1,
18028ef4dfb94ccf,yves3@inbox.lv,14 Apr 2022 17:36:52 +0100,,1,
18028edead762eb2,yves3@inbox.lv,14 Apr 2022 08:18:18 -0700 (PDT),,1,
18028e54feb62eb2,yves3@inbox.lv,14 Apr 2022 08:18:18 -0700 (PDT),,1,
18028ca0eb562eb2,yves3@inbox.lv,14 Apr 2022 08:18:18 -0700 (PDT),,1,
18028c5db6e45764,lfotHAChf.lfotHAChf@fmsk.us,14 Apr 2022 11:51:36 -0400 (EDT),,1,
180286c3df09b417,postmaster@ascendbywix.com,14 Apr 2022 12:17:59 +0000,,1,
18027e4cedb19464,lawsuithelp@qqobeach.com,12 Apr 2022 10:03:10 -0700 (PDT),,1,
18027deee60bafce,oQrsQJrRC.oQrsQJrRC@twxw.us,14 Apr 2022 07:39:22 -0400 (EDT),,1,
18027c688c6186be,limbo@outsnat.org.uk,23 Jan 2022 22:18:40 +0100,,1,
1802778b3a8e4889,KkZAGhTFZ.KkZAGhTFZ@yfbf.us,14 Apr 2022 05:47:38 -0400 (EDT),,1,
180275f5580fac18,contact@contrivanceunique.co.uk,04 Apr 2022 21:32:49 +0000 (UTC),,1,
180269bdfcf57998,contact@contrivanceunique.co.uk,11 Apr 2022 10:08:22 +0000 (UTC),,1,
180269b61d1924c5,9Je8OYp3eFFlJD2Z0q@dszthing.info,14 Apr 2022 01:45:41 -0400,,1,
1802665bcc63bd41,contact@contrivanceunique.co.uk,07 Apr 2022 16:21:12 +0000 (UTC),,1,
1802660b8af2d72d,7LODzYT4PxLuAK98S8Nb5NidLOV5BqsM@yt0a2xzg8b5uxbwtwz8x5ij5sl2ucmbr.drivefact.org,14 Apr 2022 00:41:54 -0400 (EDT),,1,
180264f28fd1a63a,vAiNUn8xevUdgAX8lC@stay.mhvschool.com,14 Apr 2022 00:18:05 -0400,,1,
18024c89d55b5194,chaimaeabd27@gmail.com,13 Apr 2022 16:03:13 +0000,,1,
18024c891d4b5194,chaimaeabd27@gmail.com,13 Apr 2022 16:03:13 +0000,,1,
180244ef3cc2f374,abdellaouich2001@gmail.com,13 Apr 2022 16:33:37 +0000,,1,
18023bf3558b5d53,contact@passimfrolic.com,13 Apr 2022 10:38:47 +0000,,1,
18022665497fce58,xWJVvtoPjq.xWJVvtoPjq@hkayh.us,13 Apr 2022 06:09:32 -0400 (EDT),,1,
180222a084ebe18e,nooreply@t3s.zfu587o46ksw7.us,13 Apr 2022 05:03:40 -0400 (EDT),,1,
18021e3c9676522d,lawsuithelp@qqobeach.com,12 Apr 2022 10:03:10 -0700 (PDT),,1,
18021d7f665decb6,nooreply@2j0.xuqxobbaqk2io.us,13 Apr 2022 03:34:00 -0400 (EDT),,1,
18021b2e8b3b455a,nooreply@0sd.4r0xw2a44trff.us,13 Apr 2022 02:53:31 -0400 (EDT),,1,
180218c99571d038,nooreply@67g.0q7q04rauqked.us,13 Apr 2022 02:11:34 -0400 (EDT),,1,
18020f10b26efd93,contact@contrivanceunique.co.uk,07 Apr 2022 16:21:12 +0000 (UTC),,1,
1801fc9f1c210879,shipping@crankworks.com,11 Apr 2022 11:40:38 +0000,,1,
1801fb0877ad70aa,dirashaimae09@gmail.com,12 Apr 2022 16:05:29 +0000,,1,
1801e10ba01113bb,kaydeespears@step.gqbauto.club,12 Apr 2022 06:44:16 -0700 (PDT),,1,
1801dc55f899963d,kJrrqdjG.kJrrqdjG@oqrf.us,12 Apr 2022 08:35:11 -0400 (EDT),,1,
1801d6ac6d3562a0,Charife2@protonmail.com,12 Apr 2022 09:33:31 +0000,,1,
1801cf6649c34e34,marketing@azco.ae,12 Apr 2022 08:49:09 +0000 (UTC),,1,
1801cf620d452451,marketing@azco.ae,12 Apr 2022 08:48:52 +0000 (UTC),,1,
1801ca9285bb5255,admin.haz3t9edkc@tf40pi409k.us,12 Apr 2022 03:24:48 -0400,,1,
1801c0fdfe6efd93,contact@contrivanceunique.co.uk,07 Apr 2022 16:21:12 +0000 (UTC),,1,
1801b60d53549017,abuse@forceassociate.uk,11 Apr 2022 16:40:49 -0700 (PDT),,1,
1801b5dab7649017,abuse@forceassociate.uk,11 Apr 2022 16:40:49 -0700 (PDT),,1,
1801b1ce845e7701,contato@cobrancaativaonline.com,11 Apr 2022 03:58:56 -0300,,1,
1801adf8381ffd0e,OnY4yhwuxOnY4yhwuxOnY4yhwuxOnY4yhwux@ony4yhwux.us,11 Apr 2022 19:04:56 -0400 (EDT),,1,
1801ab68044a6167,limbo@outsnat.org.uk,23 Jan 2022 22:18:40 +0100,,1,
1801ab5476c45f60,contact@contrivanceunique.co.uk,11 Apr 2022 10:08:22 +0000 (UTC),,1,
1801a7cbf84ffd0e,OnY4sxhruOnY4sxhruOnY4sxhruOnY4sxhru@ony4sxhru.us,11 Apr 2022 17:17:03 -0400 (EDT),,1,
1801a708ad5ffd0e,OnY4wlgxmOnY4wlgxmOnY4wlgxmOnY4wlgxm@ony4wlgxm.us,11 Apr 2022 17:03:44 -0400 (EDT),,1,
1801a14959affd0e,OnY4ozoyuOnY4ozoyuOnY4ozoyuOnY4ozoyu@ony4ozoyu.us,11 Apr 2022 15:23:17 -0400 (EDT),,1,
18019d51ae0ffd0e,OnY4ojvjkOnY4ojvjkOnY4ojvjkOnY4ojvjk@ony4ojvjk.us,11 Apr 2022 14:13:57 -0400 (EDT),,1,
18018f7eefd1e565,nooreply@z0r.nvnlukqvebi0y.us,11 Apr 2022 10:12:22 -0400 (EDT),,1,
18016d43986472a8,limbo@outsnat.org.uk,23 Jan 2022 22:18:40 +0100,,1,
1801696a38b88ef6,OnY4ltkniOnY4ltkniOnY4ltkniOnY4ltkni@ony4ltkni.us,10 Apr 2022 23:06:52 -0400 (EDT),,1,
180166069f6b7a59,reply@galaxystep.com,10 Apr 2022 21:18:44 +0000,,1,
180162416170e7d4,contact@loadtab.com,10 Apr 2022 15:37:44 +0000,,1,
18015cb69e62fda6,zantac.compensation@tjghealth.co.uk,23 Mar 2022 20:22:06 +0100,,1,
18015591b0688ef6,OnY4dtywlOnY4dtywlOnY4dtywlOnY4dtywl@ony4dtywl.us,10 Apr 2022 17:18:09 -0400 (EDT),,1,
180152251687b8a9,marketing@messaging.squareup.com,10 Apr 2022 15:11:07 +0000,,1,
18014f61d0931b07,marketing@messaging.squareup.com,10 Apr 2022 12:18:41 +0000,,1,
1801476fb349c9fa,marketing@messaging.squareup.com,6 Apr 2022 10:30:49 +0000,,1,
180146181c288ef6,OnY4ghdyyOnY4ghdyyOnY4ghdyyOnY4ghdyy@ony4ghdyy.us,10 Apr 2022 12:49:26 -0400 (EDT),,1,
180145d4d0b9c9fa,marketing@messaging.squareup.com,6 Apr 2022 10:30:49 +0000,,1,
1801447e7d62fda6,zantac.compensation@tjghealth.co.uk,23 Mar 2022 20:22:06 +0100,,1,
18013d0c7b80e619,marketing@messaging.squareup.com,9 Apr 2022 14:59:22 +0000,,1,
18013c4fa7f9c9fa,marketing@messaging.squareup.com,6 Apr 2022 10:30:49 +0000,,1,
18013a3a5469c9fa,marketing@messaging.squareup.com,6 Apr 2022 10:30:49 +0000,,1,
180132dbe329c9fa,marketing@messaging.squareup.com,6 Apr 2022 10:30:49 +0000,,1,
180130ae59c8b75f,abuse@considerationsavvy.net,10 Apr 2022 09:41:52 +0000,,1,
1801274e5d0472a8,limbo@outsnat.org.uk,23 Jan 2022 22:18:40 +0100,,1,
18011a695e515af8,contact@contrivanceunique.co.uk,07 Apr 2022 16:21:12 +0000 (UTC),,1,
180119d32011dbd8,g.ott@ziggo.nl,9 Apr 2022 19:31:56 +0200 (CEST),,1,
180119c00e91042b,abuse@considerationsavvy.net,09 Apr 2022 14:17:32 +0000,,1,
1801125264a9c9fa,marketing@messaging.squareup.com,6 Apr 2022 10:30:49 +0000,,1,
18010f0a73b4c4d2,marketing@messaging.squareup.com,9 Apr 2022 11:37:56 +0000,,1,
18010e3489d4e2ff,marketing@messaging.squareup.com,9 Apr 2022 10:41:28 +0000,,1,
1801054f43d88ef6,OnY4pcxrdOnY4pcxrdOnY4pcxrdOnY4pcxrd@ony4pcxrd.us,09 Apr 2022 17:56:05 -0400 (EDT),,1,
1800fecf5530dc5b,nooreply@rff.jojylp.nettubiemom.com,09 Apr 2022 17:56:05 -0400 (EDT),,1,
1800f837d5e88ef6,OnY4foxqfOnY4foxqfOnY4foxqfOnY4foxqf@ony4foxqf.us,09 Apr 2022 14:08:36 -0400 (EDT),,1,
1800f68e4339c9fa,marketing@messaging.squareup.com,6 Apr 2022 10:30:49 +0000,,1,
1800f54c44088ef6,OnY4fmsbwOnY4fmsbwOnY4fmsbwOnY4fmsbw@ony4fmsbw.us,09 Apr 2022 13:17:30 -0400 (EDT),,1,
1800f4c059dd7bbf,nooreply@yl0wa2.yl0wa2.us,09 Apr 2022 13:08:01 -0400 (EDT),,1,
1800f3686894e2ff,marketing@messaging.squareup.com,9 Apr 2022 10:41:28 +0000,,1,
1800f2876ee84560,nooreply@h8pisl.h8pisl.us,09 Apr 2022 12:29:11 -0400 (EDT),,1,
1800eec18452fda6,zantac.compensation@tjghealth.co.uk,23 Mar 2022 20:22:06 +0100,,1,
1800ed56249f5cd6,marketing@messaging.squareup.com,9 Apr 2022 10:55:47 +0000,,1,
1800ebe9e3f4c4d2,marketing@messaging.squareup.com,9 Apr 2022 11:37:56 +0000,,1,
1800e8d99b427d2b,marketing@messaging.squareup.com,9 Apr 2022 11:37:56 +0000,,1,
1800e8cc11933e43,ZTMfheSM.ZTMfheSM@rlpp.us,09 Apr 2022 09:39:02 -0400 (EDT),,1,
1800e8947569c9fa,marketing@messaging.squareup.com,6 Apr 2022 10:30:49 +0000,,1,
1800e54d5738acc5,marketing@messaging.squareup.com,9 Apr 2022 11:03:57 +0000,,1,
1800e361ab288369,BAuZlalbU.BAuZlalbU@jswe.us,09 Apr 2022 08:04:21 -0400 (EDT),,1,
1800e1cf17e4e2ff,marketing@messaging.squareup.com,9 Apr 2022 10:41:28 +0000,,1,
1800d3bd7e99c9fa,marketing@messaging.squareup.com,6 Apr 2022 10:30:49 +0000,,1,
1800bad6f639c9fa,marketing@messaging.squareup.com,6 Apr 2022 10:30:49 +0000,,1,
1800b9bfd9c15af8,contact@contrivanceunique.co.uk,07 Apr 2022 16:21:12 +0000 (UTC),,1,
1800b6b81cc9c9fa,marketing@messaging.squareup.com,6 Apr 2022 10:30:49 +0000,,1,
1800b64e667bcc12,hallosarah@naver.com,09 Apr 2022 02:31:01 +0900,,1,
1800b505ea796562,nooreply@rff.wwjnab.thoorcy.com,09 Apr 2022 02:31:01 +0900,,1,
1800a0d91faf1a22,contacto020301@naver.com,08 Apr 2022 23:58:07 +0900,,1,
18009f0562495966,confrimplz@naver.com,08 Apr 2022 19:22:29 +0900,,1,
18009bc9b9088e33,hallosarah@naver.com,08 Apr 2022 23:04:20 +0900,,1,
1800986f1fda5961,info@cwqnice.com,8 Apr 2022 11:41:45 +0000,,1,
18009799b25ffd97,afaf123afafafaf@naver.com,08 Apr 2022 19:15:11 +0900,,1,
180095d613201b74,congrats-@interia.pl,08 Apr 2022 13:03:55 +0200,,1,
18008fee248f0860,hallosarah@naver.com,08 Apr 2022 19:39:12 +0900,,1,
1800760c9fd5eda8,yssff-khrz@naver.com,08 Apr 2022 08:27:38 +0900,,1,
180074d009583864,yssff-khrz@naver.com,08 Apr 2022 08:07:10 +0900,,1,
18006d5d2ffb5518,amazoneaws@125.directory,08 Apr 2022 01:41:57 +0000,,1,
180066fb37bd87a6,info@cwqnice.com,7 Apr 2022 11:18:17 +0000,,1,
18006438e9a2c704,marketing@messaging.squareup.com,6 Apr 2022 10:30:49 +0000,,1,
1800639422e2c704,marketing@messaging.squareup.com,6 Apr 2022 10:30:49 +0000,,1,
18006295c58a59c7,isoautaniemi@naver.com,08 Apr 2022 02:01:09 +0900,,1,
1800629093e4da19,h0tgirl01@naver.com,08 Apr 2022 02:18:31 +0900,,1,
18005e19bda2c704,marketing@messaging.squareup.com,6 Apr 2022 10:30:49 +0000,,1,
18005792d71bb3f9,isoautaniemi@naver.com,08 Apr 2022 03:34:09 +0900,,1,
180050433e2b16c9,rep@fummedia.com,6 Apr 2022 10:04:04 +0000,,1,
18004cdcab02c704,marketing@messaging.squareup.com,6 Apr 2022 10:30:49 +0000,,1,
180048de9e1e25f5,info@cwqnice.com,7 Apr 2022 11:34:19 +0000,,1,
1800486ec8eccd2b,contact@qqobeach.com,27 Mar 2022 16:46:27 +0000,,1,
18004608a847580e,caroleanderson0@yandex.ru,07 Apr 2022 12:12:02 +0000,,1,
180043dca0a46bc4,lawsuit_compensation@vpymedia.com,06 Apr 2022 21:39:53 +0000,,1,
18003e209de46bc4,lawsuit_compensation@vpymedia.com,06 Apr 2022 21:39:53 +0000,,1,
18003c496441c416,marketing@messaging.squareup.com,6 Apr 2022 10:54:12 +0000,,1,
1800394ffdb659e5,marketing@messaging.squareup.com,6 Apr 2022 10:30:49 +0000,,1,
1800365f7817f7d0,admin.6mlau4vdx3@3lj1xri2tn.us,07 Apr 2022 05:40:45 -0400,,1,
180035c29c05b020,admin.xwa7rtrkfv@baxja3hii4.us,07 Apr 2022 05:29:33 -0400,,1,
18003474515118b8,treylavon24@gmail.com,06 Apr 2022 23:47:22 +0000,,1,
180031c7394659e5,marketing@messaging.squareup.com,6 Apr 2022 10:30:49 +0000,,1,
18002d6b6f0ea197,info@kslknowing.com,29 Mar 2022 22:50:12 +0000,,1,
18002cf9781659e5,marketing@messaging.squareup.com,6 Apr 2022 10:30:49 +0000,,1,
1800265f8bc196ba,contact@dissectsvying.com,30 Mar 2022 19:51:34 +0000,,1,
180022584eeafd7d,allcompany@uzlfitness.co.uk,30 Mar 2022 19:51:34 +0000,,1,
1800200c8f55b10d,contact@contrivanceunique.co.uk,05 Apr 2022 18:31:32 +0000 (UTC),,1,
180008a6171659e5,marketing@messaging.squareup.com,6 Apr 2022 10:30:49 +0000,,1,
180000ce7773021b,contact@deliberationcoupon.com,6 Apr 2022 16:46:15 +0000,,1,
17fffc2322d659e5,marketing@messaging.squareup.com,6 Apr 2022 10:30:49 +0000,,1,
17fff9f6da2c3f28,arEPNkWTy.arEPNkWTy@sexr.us,06 Apr 2022 12:01:26 -0400 (EDT),,1,
17fff7240a30b7bc,contact@pollinationrituals.uk,6 Apr 2022 14:23:31 +0000,,1,
17fff30ba51659e5,marketing@messaging.squareup.com,6 Apr 2022 10:30:49 +0000,,1,
17ffedac785c8597,terrymaitland20@gmail.com,6 Apr 2022 11:41:15 +0000,,1,
17ffeacc3d9659e5,marketing@messaging.squareup.com,6 Apr 2022 10:30:49 +0000,,1,
17ffdfa1fdd68f3e,marketing@azco.ae,06 Apr 2022 08:25:00 +0000 (UTC),,1,
17ffdf9cd13d3e3e,marketing@azco.ae,06 Apr 2022 08:24:40 +0000 (UTC),,1,
17ffdc91ffe8026b,contact@bluetelecommunication.net,31 Mar 2022 16:06:37 +0000,,1,
17ffb9dedb4aaac0,contact@qqobeach.com,27 Mar 2022 16:46:27 +0000,,1,
17ffab70f36222a3,94OBOSBN.94OBOSBN@pivhitl.us,05 Apr 2022 13:12:53 -0400 (EDT),,1,
17ffab393802dd6e,mohammed@skycastleinteriors.com,5 Apr 2022 17:08:41 +0000,,1,
17ffa8e0ac920995,mohammed@skycastleinteriors.com,1 Apr 2022 11:44:41 +0000,,1,
17ffa869d6e3d6c8,murciajazz@gmail.com,5 Apr 2022 23:10:49 +0700,,1,
17ffa6e638f90559,OPNIOtaZ.OPNIOtaZ@gijg.us,05 Apr 2022 11:53:31 -0400 (EDT),,1,
17ff97c8156bf20a,eRCJJuzoyD.eRCJJuzoyD@jhhz.us,05 Apr 2022 07:28:27 -0400 (EDT),,1,
17ff955fbf1d42a5,4osedp4vis6a4kufs8d@explain.collectiohook.host,05 Apr 2022 03:57:49 -0400 (EDT),,1,
17ff942d11ebb688,th5012cggm8yqfa9thn@genuine.collectiohook.host,05 Apr 2022 04:33:46 -0400 (EDT),,1,
17ff8e70c1a3ea8d,contact@endeavorsmachines.org.uk,4 Apr 2022 16:34:06 +0000,,1,
17ff89c15dea7058,contact@previsionheartattack.co.uk,4 Apr 2022 16:32:30 +0000,,1,
17ff841c9855614b,nooreply@25qamy.25qamy.us,05 Apr 2022 01:45:34 -0400 (EDT),,1,
17ff7edb04a0c2c6,PXVRJIBCSYTPWDAUHUERF.OUTOTSAAZMRMWXGOILVVI@ycmzxvbaebcclmlxficvz.us,5 Apr 2022 00:11:37 -0400,,1,
17ff75a1afa6de59,ZjQHmlUYZCIn@alertgate.co.uk,04 Apr 2022 21:32:31 -0400 (PDT),,1,
17ff72279c50a854,allcompany@uzlfitness.co.uk,04 Apr 2022 21:32:31 -0400 (PDT),,1,
17ff6dbec6b18b31,abuse@considerationsavvy.net,04 Apr 2022 21:53:34 +0000,,1,
17ff6b027f3209fb,abuse@considerationsavvy.net,30 Mar 2022 10:58:55 +0000,,1,
17ff66a1c066de59,CqsPYLmlChdg@toddes.cosmreohead.com,04 Apr 2022 17:10:22 -0400 (PDT),,1,
17ff62c9eea2d3f2,EQwGwTqcCM.EQwGwTqcCM@mpxd.us,04 Apr 2022 16:03:09 -0400 (EDT),,1,
17ff5f09084dbe68,contact@dissectsvying.com,30 Mar 2022 22:45:45 +0000,,1,
17ff5e1975398f96,abuse@considerationsavvy.net,03 Apr 2022 22:36:58 +0000,,1,
17ff5bf9944daf13,OnY4udgixOnY4udgixOnY4udgixOnY4udgix@ony4udgix.us,04 Apr 2022 14:04:05 -0400 (EDT),,1,
17ff5a9928fd7a23,abuse@considerationsavvy.net,04 Apr 2022 16:24:29 +0000,,1,
17ff57ba75ce3ab0,nooreply@jadu68.jadu68.us,04 Apr 2022 12:49:51 -0400 (EDT),,1,
17ff53d54cd01407,nooreply@xo3.cy7w9vou76m6v.us,04 Apr 2022 11:41:48 -0400 (EDT),,1,
17ff4e121c2e6475,TAPW2MBD.TAPW2MBD@arutrvhnf.us,04 Apr 2022 10:01:01 -0400 (EDT),,1,
17ff4ddc86a8f94d,nooreply@2c2ezo.2c2ezo.us,04 Apr 2022 09:57:25 -0400 (EDT),,1,
17ff4a8b243037da,qyb0q8v7jcof25i09bdrekrwh0jtvve@sneha.previving.com,04 Apr 2022 08:57:49 -0400,,1,
17ff48eba4d856c5,nooreply@a1x.dqm2knfnj0kk7.us,04 Apr 2022 08:30:52 -0400 (EDT),,1,
17ff28ceec933ef7,nooreply@a1x.dqm2knfnj0kk7.us,1 Apr 2022 11:44:41 +0000,,1,
17ff1c69878209fb,nooreply@a1x.dqm2knfnj0kk7.us,30 Mar 2022 10:58:55 +0000,,1,
17ff19aea020a854,allcompany@uzlfitness.co.uk,30 Mar 2022 10:58:55 +0000,,1,
17ff0d458517675a,nooreply@tqg.r8g9k99gs9yto.us,03 Apr 2022 15:08:41 -0400 (EDT),,1,
17ff0614c7522f28,contact@loadtab.com,03 Apr 2022 15:33:09 +0000,,1,
17feff3577768329,contact@loadtab.com,03 Apr 2022 12:25:14 +0000,,1,
17feec58bf4d4f51,contact@bluetelecommunication.net,31 Mar 2022 16:06:37 +0000,,1,
17feec03f86d4f51,contact@bluetelecommunication.net,31 Mar 2022 16:06:37 +0000,,1,
17fedbf2a26855dd,info@nkpcredit.com,30 Mar 2022 18:01:17 +0000,,1,
17fed7263d21dd31,abuse@considerationsavvy.net,02 Apr 2022 20:06:27 +0000,,1,
17fed285adc0a854,allcompany@uzlfitness.co.uk,02 Apr 2022 20:06:27 +0000,,1,
17feca42b6557a76,abuse@considerationsavvy.net,02 Apr 2022 23:12:02 +0000,,1,
17fec4c02c2a1370,contact@qqobeach.com,30 Mar 2022 10:41:18 +0000,,1,
17fec0ae1611b9d2,abuse@considerationsavvy.net,02 Apr 2022 19:12:48 +0000,,1,
17feab569ea37793,saraherica22@abv.bg,2 Apr 2022 15:44:53 +0300 (EEST),,1,
17fe8c265abd4f51,contact@bluetelecommunication.net,31 Mar 2022 16:06:37 +0000,,1,
17fe75e4908b836c,contact@loadtab.com,01 Apr 2022 18:03:20 +0000,,1,
17fe74dfaef8c380,mary.russell0102@gmail.com,01 Apr 2022 11:29:46 +0000 (UTC),,1,
17fe72a56d9288a8,contact@labelfund.com,25 Mar 2022 17:29:12 +0000,,1,
17fe5f00ddb62f1c,inm@cfnstation.com,24 Mar 2022 15:52:04 +0000,,1,
17fe5869e3b288a8,contact@labelfund.com,25 Mar 2022 17:29:12 +0000,,1,
17fe4fc083fee351,contact@labelfund.com,30 Mar 2022 11:39:25 +0000,,1,
17fe45f5c40a89a3,contact@qqobeach.com,27 Mar 2022 16:46:27 +0000,,1,
17fe2be4bee2a882,yb183869@gmail.com,31 Mar 2022 11:21:52 +0000,,1,
17fe2264590ce261,mary.russell0102@gmail.com,30 Mar 2022 10:25:03 +0000,,1,
17fe1295c43ee351,contact@labelfund.com,30 Mar 2022 11:39:25 +0000,,1,
17fe0d9f9e087335,mary.russell0102@gmail.com,31 Mar 2022 10:42:16 +0000,,1,
17fe073122fceadf,yFouavKF.yFouavKF@ouovw.us,31 Mar 2022 10:48:28 -0400 (EDT),,1,
17fe06ad30262f1c,inm@cfnstation.com,24 Mar 2022 15:52:04 +0000,,1,
17fe02657e72da4d,sokLNdMpIK.sokLNdMpIK@iklx.us,31 Mar 2022 09:24:39 -0400 (EDT),,1,
17fe019920f59e88,contact@labelfund.com,31 Mar 2022 09:21:03 +0000,,1,
17fe00d2609d1232,contact@dissectsvying.com,30 Mar 2022 18:17:51 +0000,,1,
17fdfd896bfce261,mary.russell0102@gmail.com,30 Mar 2022 10:25:03 +0000,,1,
17fdf75683517cb8,contact@labelfund.com,30 Mar 2022 16:34:03 +0000,,1,
17fdf53fa76d46ee,0e31272f540e2023edf1692c2557a980@0e31272f540e2023edf1692c2557a980.wen53cd3jd4dlf0.0e31272f540e2023edf1692c2557a980.phupha.atabuk.net,31 Mar 2022 05:34:55 -0400,,1,
17fdf38967122253,contact@qqobeach.com,27 Mar 2022 16:46:27 +0000,,1,
17fdea4825ace10f,abuse@windowwaiting.com,30 Mar 2022 17:24:10 +0000,,1,
17fdda7bfa5f5780,info@nkpcredit.com,24 Mar 2022 16:51:59 +0000,,1,
17fdd9c5045e0bdd,contact@dissectsvying.com,30 Mar 2022 19:51:34 +0000,,1,
17fdd9b61db3a9eb,inm@cfnstation.com,24 Mar 2022 16:17:17 +0000,,1,
17fdd980cbb5e41e,contact@labelfund.com,30 Mar 2022 11:21:09 +0000,,1,
17fdd8ebe4c62fe1,info@tresdicvan.jpn.com,23 Mar 2022 17:33:46 +0000,,1,
17fdd84468972ed7,XZckcCaYU.XZckcCaYU@lzme.us,30 Mar 2022 21:08:25 -0400 (EDT),,1,
17fdd68c013535fc,XZckcCaYU.XZckcCaYU@lzme.us,30 Mar 2022 15:57:08 +0000,,1,
17fdd56316f17cb8,contact@labelfund.com,30 Mar 2022 16:34:03 +0000,,1,
17fdd4fbb30dced3,contact@labelfund.com,25 Mar 2022 17:29:12 +0000,,1,
17fdd432e5662a34,info@nkpcredit.com,23 Mar 2022 19:31:28 +0000,,1,
17fdd32f92b1f536,cf@considerationsavvy.net,30 Mar 2022 23:16:08 +0000,,1,
17fdd20192061da7,info@ajggame.com,30 Mar 2022 23:16:08 +0000,,1,
17fdd0ff0f4b7c93,contact@dissectsvying.com,30 Mar 2022 19:31:14 +0000,,1,
17fdcf1ecbc6dd75,info@ajggame.com,30 Mar 2022 19:31:14 +0000,,1,
17fdce743eca0595,contact@labelfund.com,30 Mar 2022 12:11:59 +0000,,1,
17fdcd35d68ebb1b,allcompany@uzlfitness.co.uk,30 Mar 2022 12:11:59 +0000,,1,
17fdcd05e80ec626,mary.russell0102@gmail.com,30 Mar 2022 10:25:03 +0000,,1,
17fdcce1df6d7a7b,contact@labelfund.com,25 Mar 2022 09:03:50 +0000,,1,
17fdcccc5f9b7c93,contact@dissectsvying.com,30 Mar 2022 19:31:14 +0000,,1,
17fdcc93839a0595,contact@labelfund.com,30 Mar 2022 12:11:59 +0000,,1,
17fdcc569b033d7c,contact@labelfund.com,30 Mar 2022 11:39:25 +0000,,1,
17fdcbbffc6e0bdd,contact@dissectsvying.com,30 Mar 2022 19:51:34 +0000,,1,
17fdcba1c4c65b6b,oGNCNltKh.oGNCNltKh@aexm.us,30 Mar 2022 17:27:32 -0400 (EDT),,1,
17fdcab902ce344e,contact@drumspecie.com,25 Mar 2022 20:56:56 +0000,,1,
17fdc903fea17cb8,contact@labelfund.com,30 Mar 2022 16:34:03 +0000,,1,
17fdc8e04ef586b9,info@tresdicvan.jpn.com,22 Mar 2022 15:49:56 +0000,,1,
17fdc7c75b6b7c93,contact@dissectsvying.com,30 Mar 2022 19:31:14 +0000,,1,
17fdc7b966892084,contact@labelfund.com,30 Mar 2022 12:38:30 +0000,,1,
17fdc752dd5a3feb,contact@labelfund.com,30 Mar 2022 15:51:10 +0000,,1,
17fdc62a7c78adf0,contact@labelfund.com,30 Mar 2022 17:08:56 +0000,,1,
17fdc6053e14e882,cf@considerationsavvy.net,30 Mar 2022 18:36:11 +0000,,1,
17fdc58835aa0595,contact@labelfund.com,30 Mar 2022 12:11:59 +0000,,1,
